Workbook

Sheet Dados
A1: Código | B1: Produto | C1: Categoria | D1: Entrada | E1: Saída | F1: Estoque Mínimo | G1: Saldo Atual | H1: Situação
A2: P001 | B2: Arroz | C2: Alimentos | D2: 500 | E2: 320 | F2: 100 | G2: =D2:D11-E2:E11 -> 180 | H2: =IF(G2<=F2,"Crítico","Normal") -> Normal
A3: P002 | B3: Feijão | C3: Alimentos | D3: 400 | E3: 370 | F3: 80 | G3: =D3:D12-E3:E12 -> 30 | H3: =IF(G3<=F3,"Crítico","Normal") -> Crítico
A4: P003 | B4: Café | C4: Alimentos | D4: 350 | E4: 280 | F4: 70 | G4: =D4:D13-E4:E13 -> 70 | H4: =IF(G4<=F4,"Crítico","Normal") -> Crítico
A5: P004 | B5: Açúcar | C5: Alimentos | D5: 450 | E5: 440 | F5: 90 | G5: =D5:D14-E5:E14 -> 10 | H5: =IF(G5<=F5,"Crítico","Normal") -> Crítico
A6: P005 | B6: Óleo | C6: Alimentos | D6: 300 | E6: 210 | F6: 60 | G6: =D6:D15-E6:E15 -> 90 | H6: =IF(G6<=F6,"Crítico","Normal") -> Normal
A7: P006 | B7: Refrigerante | C7: Bebidas | D7: 600 | E7: 510 | F7: 120 | G7: =D7:D16-E7:E16 -> 90 | H7: =IF(G7<=F7,"Crítico","Normal") -> Crítico
A8: P007 | B8: Água | C8: Bebidas | D8: 800 | E8: 790 | F8: 150 | G8: =D8:D17-E8:E17 -> 10 | H8: =IF(G8<=F8,"Crítico","Normal") -> Crítico
A9: P008 | B9: Suco | C9: Bebidas | D9: 350 | E9: 180 | F9: 80 | G9: =D9:D18-E9:E18 -> 170 | H9: =IF(G9<=F9,"Crítico","Normal") -> Normal
A10: P009 | B10: Biscoito | C10: Mercearia | D10: 450 | E10: 300 | F10: 100 | G10: =D10:D19-E10:E19 -> 150 | H10: =IF(G10<=F10,"Crítico","Normal") -> Normal
A11: P010 | B11: Macarrão | C11: Mercearia | D11: 550 | E11: 500 | F11: 120 | G11: =D11:D20-E11:E20 -> 50 | H11: =IF(G11<=F11,"Crítico","Normal") -> Crítico
I28: Código | J28: Produto | K28: Categoria | L28: Entrada | M28: Saída | N28: Estoque Mínimo | O28: Saldo Atual | P28: Situação

Sheet Dashboard
A1: DASHBOARD DE CONTROLE DE ESTOQUE
A2: Total de Produtos | B2: Produtos Críticos | C2: Saldo Total | D2: Total de Entradas | E2: Total de Saídas
A3: =COUNTA(Dados!A2:A11) -> 10 | B3: =COUNTIF(Dados!H2:H11,"Crítico") -> 6 | C3: =SUM(Dados!G2:G11) -> 850 | D3: =SUM(Dados!D2:D11) -> 4750 | E3: =SUM(Dados!E2:E11) -> 3900
A4: Estoque Crítico × Normal | D4: Saldo por Categoria
A16: Entradas por Produto | D16: Saídas por Produto

Sheet Tabela dinâmica
